Product_ID,Product_Name,Category,Description,Price,Rating
1,Wireless Mouse,Electronics,Wireless mouse for computer and laptop,599,4.3
2,Mechanical Keyboard,Electronics,RGB mechanical keyboard for gaming,1499,4.5
3,Laptop Bag,Accessories,Laptop backpack for office and college,899,4.2
4,Bluetooth Headphones,Electronics,Wireless headphones with clear sound,1299,4.4
5,USB Keyboard,Electronics,USB keyboard for computer and office,699,4.1
6,Gaming Mouse,Electronics,High precision gaming mouse,999,4.6
7,Smart Watch,Wearables,Smart watch with fitness tracking,1999,4.3
8,Phone Cover,Accessories,Protective mobile phone cover,299,4.0
9,Power Bank,Electronics,Portable power bank for smartphones,799,4.2
10,Laptop Stand,Accessories,Adjustable stand for laptop,699,4.4